Código,Nombre,Código de Barras,SKU,Servicio,Uses,Costo,Precio,IVA,IEPS,SAT code,Proveedor,Categorías,AppliesTo
1,Acoplador simplex LC/SC Monomodo,"[""SBE-ADAPLC-SC-S""]",SBE-ADAPLC-SC-S,TRUE,No,,16.28,16,0,43223300,Sbe Tech,Fibra Óptica,"[""store"",""eshop"",""retailer""]"
2,Acoplador simplex SC SM,"[""SBE-ADAPSC-S""]",SBE-ADAPSC-S,TRUE,No,,0.74,16,0,43223300,Sbe Tech,Fibra Óptica,"[""store"",""eshop"",""retailer""]"
3,Acoplador simplex SC/APC SM,"[""SBE-ADAPSCAPC-S""]",SBE-ADAPSCAPC-S,TRUE,No,,0.70,16,0,43223300,Sbe Tech,Fibra Óptica,"[""store"",""eshop"",""retailer""]"
4,Acoplador simplex SC/APC SM,"[""SBE-ADAPSCAPC-S (GPON)""]",SBE-ADAPSCAPC-S (GPON),TRUE,No,,0.70,16,0,43223300,Sbe Tech,Fibra Óptica,"[""store"",""eshop"",""retailer""]"
5,Cable UTP Cat 6A color azul.,"[""SBE-UTPC6A-BL""]",SBE-UTPC6A-BL,TRUE,No,,162.50,16,0,26121600,Sbe Tech,Cableado en Cobre,"[""store"",""eshop"",""retailer""]"
6,Botas para plug RJ 45 cat 5e y 6 color azul,"[""SBE-CAP-828-BL""]",SBE-CAP-828-BL,TRUE,No,,0.90,16,0,43223300,Sbe Tech,Cableado en Cobre,"[""store"",""eshop"",""retailer""]"
7,Botas para plug RJ 45 cat 5e y 6 color gris,"[""SBE-CAP-828-GY""]",SBE-CAP-828-GY,TRUE,No,,0.90,16,0,43223300,Sbe Tech,Cableado en Cobre,"[""store"",""eshop"",""retailer""]"
8,Botas para plug RJ 45 cat 5e y 6 color negro,"[""SBE-CAP-828-BK""]",SBE-CAP-828-BK,TRUE,No,,0.90,16,0,43223300,Sbe Tech,Cableado en Cobre,"[""store"",""eshop"",""retailer""]"
9,Botas para plug RJ 45 cat 6a color gris,"[""SBE-CAP6A-828-GY""]",SBE-CAP6A-828-GY,TRUE,No,,1.40,16,0,43223300,Sbe Tech,Cableado en Cobre,"[""store"",""eshop"",""retailer""]"
10,Cable UTP cat. 5e negro para exterior con gel.,"[""SBE-UTPC5EXT""]",SBE-UTPC5EXT,TRUE,No,,95.00,16,0,26121600,Sbe Tech,Cableado en Cobre,"[""store"",""eshop"",""retailer""]"
11,Cable UTP cat. 6 negro para exterior con gel.,"[""SBE-UTPC6EXT""]",SBE-UTPC6EXT,TRUE,No,,142.00,16,0,26121600,Sbe Tech,Cableado en Cobre,"[""store"",""eshop"",""retailer""]"
12,Cable UTP cat.6 azul.,"[""SBE-UTPC6CERT-BL""]",SBE-UTPC6CERT-BL,TRUE,No,,110.70,16,0,26121600,Sbe Tech,Cableado en Cobre,"[""store"",""eshop"",""retailer""]"
13,Cable UTP cat.6 gris.,"[""SBE-UTPC6CERT-GY""]",SBE-UTPC6CERT-GY,TRUE,No,,110.70,16,0,26121600,Sbe Tech,Cableado en Cobre,"[""store"",""eshop"",""retailer""]"
14,Cable UTP categoría 5e azul.,"[""SBE-UTPC5ECU-BL""]",SBE-UTPC5ECU-BL,TRUE,No,,76.00,16,0,26121600,Sbe Tech,Cableado en Cobre,"[""store"",""eshop"",""retailer""]"
15,Cable UTP categoría 5e con aleación azul.,"[""SBE-1101D-BL""]",SBE-1101D-BL,TRUE,No,,36.69,16,0,26121600,Sbe Tech,Cableado en Cobre,"[""store"",""eshop"",""retailer""]"
16,Cable UTP categoría 5e con aleación gris.,"[""SBE-1101D-GY""]",SBE-1101D-GY,TRUE,No,,36.69,16,0,26121600,Sbe Tech,Cableado en Cobre,"[""store"",""eshop"",""retailer""]"
17,Cable UTP categoría 5e gris.,"[""SBE-UTPC5ECU-GY""]",SBE-UTPC5ECU-GY,TRUE,No,,76.00,16,0,26121600,Sbe Tech,Cableado en Cobre,"[""store"",""eshop"",""retailer""]"
18,Caja de Distribución para FTTx para exterior de 2x8,"[""SBE-CDEXTFTTX2X8""]",SBE-CDEXTFTTX2X8,TRUE,No,,22.05,16,0,43223300,Sbe Tech,Fibra Óptica,"[""store"",""eshop"",""retailer""]"
19,Caja de Distribución para FTTx para exterior de 2x12. IP 65.,"[""SBE-CDEXTFTTX2X12NL""]",SBE-CDEXTFTTX2X12NL,TRUE,No,,24.68,16,0,43223300,Sbe Tech,Fibra Óptica,"[""store"",""eshop"",""retailer""]"
20,Caja de Distribución para FTTx para exterior de 2x24. IP 65.,"[""SBE-CDEXTFTTX2X24NL""]",SBE-CDEXTFTTX2X24NL,TRUE,No,,28.46,16,0,43223300,Sbe Tech,Fibra Óptica,"[""store"",""eshop"",""retailer""]"
21,Caja de Distribución para FTTx para exterior de 2x48. IP 65.,"[""SBE-CDEXTFTTX2X48NL""]",SBE-CDEXTFTTX2X48NL,TRUE,No,,40.42,16,0,43223300,Sbe Tech,Fibra Óptica,"[""store"",""eshop"",""retailer""]"
22,Caja terminal de 4 puertos (Para 2 conectores),"[""SBE-CTFO4PNL""]",SBE-CTFO4PNL,TRUE,No,,2.33,16,0,43223300,Sbe Tech,Fibra Óptica,"[""store"",""eshop"",""retailer""]"
23,Caja Universal 2 x 4,"[""SBE-CUNIV-N""]",SBE-CUNIV-N,TRUE,No,,0.70,16,0,39121300,Sbe Tech,Cableado en Cobre,"[""store"",""eshop"",""retailer""]"
24,Caja Universal reforzada 2 x 4,"[""SBE-CUNIV2""]",SBE-CUNIV2,TRUE,No,,0.70,16,0,39121300,Sbe Tech,Cableado en Cobre,"[""store"",""eshop"",""retailer""]"
25,Charola deslizable de 19 X 10 para teclado P/Rack.,"[""SBE-CDES1910R""]",SBE-CDES1910R,TRUE,No,,38.00,16,0,39131704,Sbe Tech,Racks y Gabinetes,"[""store"",""eshop"",""retailer""]"
26,"""Charola deslizable para gabinete de 1000 mm de profundidad x 19""""""","[""SBE-CDES1M""]",SBE-CDES1M,TRUE,No,,25.00,16,0,39131704,Sbe Tech,Racks y Gabinetes,"[""store"",""eshop"",""retailer""]"
27,"""Charola deslizable para gabinete de 600 mm de profundidad x 19""""""","[""SBE-CDES60""]",SBE-CDES60,TRUE,No,,18.95,16,0,39131704,Sbe Tech,Racks y Gabinetes,"[""store"",""eshop"",""retailer""]"
28,Charola doble lado una pieza apoyos al centro 1918,"[""SBE-CDL1P1918""]",SBE-CDL1P1918,TRUE,No,,24.50,16,0,39131704,Sbe Tech,Racks y Gabinetes,"[""store"",""eshop"",""retailer""]"
29,"""Charola fija de 10"""" x 19"""" para teclado.""","[""SBE-CT1910""]",SBE-CT1910,TRUE,No,,9.52,16,0,39131704,Sbe Tech,Racks y Gabinetes,"[""store"",""eshop"",""retailer""]"
30,"""Charola fija de 14"""" x 19"""".""","[""SBE-C1914""]",SBE-C1914,TRUE,No,,11.75,16,0,39131704,Sbe Tech,Racks y Gabinetes,"[""store"",""eshop"",""retailer""]"
31,"""Charola fija de 18"""" x 19"""".""","[""SBE-C1918""]",SBE-C1918,TRUE,No,,14.71,16,0,39131704,Sbe Tech,Racks y Gabinetes,"[""store"",""eshop"",""retailer""]"
32,"""Charola fija ventilada para gabinete de 1000 mm de profundidad x 19""""""","[""SBE-CF1929V""]",SBE-CF1929V,TRUE,No,,14.37,16,0,39131704,Sbe Tech,Racks y Gabinetes,"[""store"",""eshop"",""retailer""]"
33,"""Charola fija ventilada para gabinete de 600 mm de profundidad x 19""""""","[""SBE-CF1915V""]",SBE-CF1915V,TRUE,No,,11.22,16,0,39131704,Sbe Tech,Racks y Gabinetes,"[""store"",""eshop"",""retailer""]"
34,"""Charola fija ventilada para gabinete de 800 mm de profundidad x 19""""""","[""SBE-CF1918V""]",SBE-CF1918V,TRUE,No,,13.00,16,0,39131704,Sbe Tech,Racks y Gabinetes,"[""store"",""eshop"",""retailer""]"
35,Conector LC Multimodo.,"[""SBE-CONLC""]",SBE-CONLC,TRUE,No,,1.58,16,0,43223300,Sbe Tech,Fibra Óptica,"[""store"",""eshop"",""retailer""]"
36,Conector LC Monomodo.,"[""SBE-CONLCSM""]",SBE-CONLCSM,TRUE,No,,1.71,16,0,43223300,Sbe Tech,Fibra Óptica,"[""store"",""eshop"",""retailer""]"
37,Conector prepulido LC Monomodo.,"[""SBE-CONPPLCMM4""]",SBE-CONPPLCMM4,TRUE,No,,3.91,16,0,43223300,Sbe Tech,Fibra Óptica,"[""store"",""eshop"",""retailer""]"
38,Conector prepulido LC Monomodo.,"[""SBE-CONPPLCSM""]",SBE-CONPPLCSM,TRUE,No,,7.07,16,0,43223300,Sbe Tech,Fibra Óptica,"[""store"",""eshop"",""retailer""]"
39,Conector prepulido SC Multimodo,"[""SBE-CONPPSCMM4""]",SBE-CONPPSCMM4,TRUE,No,,3.34,16,0,43223300,Sbe Tech,Fibra Óptica,"[""store"",""eshop"",""retailer""]"
40,Conector prepulido SC Monomodo.,"[""SBE-CONPPSCSMAPC""]",SBE-CONPPSCSMAPC,TRUE,No,,7.76,16,0,43223300,Sbe Tech,Fibra Óptica,"[""store"",""eshop"",""retailer""]"
41,Conector prepulido SC Monomodo.,"[""SBE-CONPPSCSM""]",SBE-CONPPSCSM,TRUE,No,,6.96,16,0,43223300,Sbe Tech,Fibra Óptica,"[""store"",""eshop"",""retailer""]"
42,Conector SC Multimodo.,"[""SBE-CONSC""]",SBE-CONSC,TRUE,No,,1.12,16,0,43223300,Sbe Tech,Fibra Óptica,"[""store"",""eshop"",""retailer""]"
43,Conector SC Monomodo,"[""SBE-CONSCSM""]",SBE-CONSCSM,TRUE,No,,1.54,16,0,43223300,Sbe Tech,Fibra Óptica,"[""store"",""eshop"",""retailer""]"
44,Cortadora de Recubrimiento Profesional,"[""SBE-S144H""]",SBE-S144H,TRUE,No,,14.00,16,0,43223300,Sbe Tech,Herramientas. Equipos de Medición y Prueba. Limpieza,"[""store"",""eshop"",""retailer""]"
45,Cortadora para fibra óptica de 250um. 900um. 2mm. 3mm y drop. incluye deposito,"[""SBE-CFOD""]",SBE-CFOD,TRUE,No,,295.80,16,0,43223300,Sbe Tech,Herramientas. Equipos de Medición y Prueba. Limpieza,"[""store"",""eshop"",""retailer""]"
46,Desforradora para cable Drop tipo Mariposa y Mariposa Figura 8,"[""SBE-DESFORDROPM""]",SBE-DESFORDROPM,TRUE,No,,24.15,16,0,43223300,Sbe Tech,Herramientas. Equipos de Medición y Prueba. Limpieza,"[""store"",""eshop"",""retailer""]"
47,Distribuidor de Fibra Óptica Deslizable para 3 placas. hasta 18 fibras. 1 UR,"[""SBE-DFO18D""]",SBE-DFO18D,TRUE,No,,35.75,16,0,43223300,Sbe Tech,Fibra Óptica,"[""store"",""eshop"",""retailer""]"
48,Distribuidor de Fibra Óptica Deslizable para 6 placas. hasta 36 fibras. 2 UR,"[""SBE-DFO36D""]",SBE-DFO36D,TRUE,No,,52.50,16,0,43223300,Sbe Tech,Fibra Óptica,"[""store"",""eshop"",""retailer""]"
49,Distribuidor de Fibra Óptica hasta 24 coples,"[""SBE-LFO12/24""]",SBE-LFO12/24,TRUE,No,,28.77,16,0,43223300,Sbe Tech,Fibra Óptica,"[""store"",""eshop"",""retailer""]"
50,Distribuidor de Fibra Óptica para 2 placas con coples. 1 UR,"[""SBE-DFO12""]",SBE-DFO12,TRUE,No,,41.47,16,0,43223300,Sbe Tech,Fibra Óptica,"[""store"",""eshop"",""retailer""]"
51,Distribuidor de Fibra Óptica para 4 placas con coples. 2 UR,"[""SBE-DFO24""]",SBE-DFO24,TRUE,No,,55.04,16,0,43223300,Sbe Tech,Fibra Óptica,"[""store"",""eshop"",""retailer""]"
52,"""Espiral blanco 1"""". rollo con 10 metros""","[""SBE-ESP25""]",SBE-ESP25,TRUE,No,,4.82,16,0,31151900,Sbe Tech,Sujetacables de Tela. Plásticos y Espirales,"[""store"",""eshop"",""retailer""]"
53,"""Espiral blanco 1/2"""". rollo con 10 metros""","[""SBE-ESP12""]",SBE-ESP12,TRUE,No,,2.55,16,0,31151900,Sbe Tech,Sujetacables de Tela. Plásticos y Espirales,"[""store"",""eshop"",""retailer""]"
54,"""Espiral blanco 1/4"""". rollo con 10 metros""","[""SBE-ESP6""]",SBE-ESP6,TRUE,No,,1.36,16,0,31151900,Sbe Tech,Sujetacables de Tela. Plásticos y Espirales,"[""store"",""eshop"",""retailer""]"
55,"""Espiral blanco 3/4"""". rollo con 10 metros""","[""SBE-ESP20""]",SBE-ESP20,TRUE,No,,3.50,16,0,31151900,Sbe Tech,Sujetacables de Tela. Plásticos y Espirales,"[""store"",""eshop"",""retailer""]"
56,"""Espiral negro 1"""". rollo con 10 metros""","[""SBE-ESPN25""]",SBE-ESPN25,TRUE,No,,4.82,16,0,31151900,Sbe Tech,Sujetacables de Tela. Plásticos y Espirales,"[""store"",""eshop"",""retailer""]"
57,"""Espiral negro 1/2"""". rollo con 10 metros""","[""SBE-ESPN12""]",SBE-ESPN12,TRUE,No,,2.55,16,0,31151900,Sbe Tech,Sujetacables de Tela. Plásticos y Espirales,"[""store"",""eshop"",""retailer""]"
58,"""Espiral negro 1/4"""". rollo con 10 metros""","[""SBE-ESPN6""]",SBE-ESPN6,TRUE,No,,1.36,16,0,31151900,Sbe Tech,Sujetacables de Tela. Plásticos y Espirales,"[""store"",""eshop"",""retailer""]"
59,"""Espiral negro 3/4"""". rollo con 10 metros""","[""SBE-ESPN20""]",SBE-ESPN20,TRUE,No,,3.50,16,0,31151900,Sbe Tech,Sujetacables de Tela. Plásticos y Espirales,"[""store"",""eshop"",""retailer""]"
60,Fan out kit para 12 fibras,"[""SBE-FOK12F""]",SBE-FOK12F,TRUE,No,,7.45,16,0,43223300,Sbe Tech,Fibra Óptica,"[""store"",""eshop"",""retailer""]"
61,Fan out kit para 6 fibras,"[""SBE-FOK6F""]",SBE-FOK6F,TRUE,No,,6.52,16,0,43223300,Sbe Tech,Fibra Óptica,"[""store"",""eshop"",""retailer""]"
62,Fibra Óptica ADSS 9/125 tipo G652D. SPAN 100 metros. 12 hilos. OS2,"[""SBE-FOADSSJ12SM""]",SBE-FOADSSJ12SM,TRUE,No,,0.79,16,0,26121600,Sbe Tech,Fibra Óptica,"[""store"",""eshop"",""retailer""]"
63,Fibra Óptica ADSS 9/125 tipo G652D. SPAN 100 metros. 24 hilos. OS2,"[""SBE-FOADSSJ24SM""]",SBE-FOADSSJ24SM,TRUE,No,,0.93,16,0,26121600,Sbe Tech,Fibra Óptica,"[""store"",""eshop"",""retailer""]"
64,Fibra Óptica ADSS 9/125 tipo G652D. SPAN 100 metros. 6 hilos. OS2,"[""SBE-FOADSS6SM""]",SBE-FOADSS6SM,TRUE,No,,0.60,16,0,26121600,Sbe Tech,Fibra Óptica,"[""store"",""eshop"",""retailer""]"
65,Fibra Óptica con armadura dieléctrica de 12 hilos OM3,"[""SBE-FOEXARGYAD12MM3""]",SBE-FOEXARGYAD12MM3,TRUE,No,,2.05,16,0,26121600,Sbe Tech,Fibra Óptica,"[""store"",""eshop"",""retailer""]"
66,Fibra Óptica con armadura dieléctrica de 6 hilos OM3,"[""SBE-FOEXARGYAD6MM3""]",SBE-FOEXARGYAD6MM3,TRUE,No,,1.19,16,0,26121600,Sbe Tech,Fibra Óptica,"[""store"",""eshop"",""retailer""]"
67,Fibra Óptica con armadura dieléctrica tipo G652D de 12 hilos OS2,"[""SBE-FOEXARGYAD12SM""]",SBE-FOEXARGYAD12SM,TRUE,No,,1.24,16,0,26121600,Sbe Tech,Fibra Óptica,"[""store"",""eshop"",""retailer""]"
68,Fibra Óptica con armadura dieléctrica tipo G652D de 6 hilos OS2,"[""SBE-FOEXARGYAD6SM""]",SBE-FOEXARGYAD6SM,TRUE,No,,0.95,16,0,26121600,Sbe Tech,Fibra Óptica,"[""store"",""eshop"",""retailer""]"
69,Fibra Óptica con armadura metálica 50/125 de 12 hilos OM3 10G,"[""SBE-FOEXAR12MM50M3""]",SBE-FOEXAR12MM50M3,TRUE,No,,1.27,16,0,26121600,Sbe Tech,Fibra Óptica,"[""store"",""eshop"",""retailer""]"
70,Fibra Óptica con armadura metálica 50/125 de 12 hilos OM3 10G,"[""SBE-FOEXAR12MM50M4""]",SBE-FOEXAR12MM50M4,TRUE,No,,2.53,16,0,26121600,Sbe Tech,Fibra Óptica,"[""store"",""eshop"",""retailer""]"
71,Fibra Optica con armadura metalica 50/125 de 24 hilos OM2,"[""SBE-FOEXAR24MM50OM2""]",SBE-FOEXAR24MM50OM2,TRUE,No,,1.87,16,0,26121600,Sbe Tech,Fibra Óptica,"[""store"",""eshop"",""retailer""]"
72,Fibra Óptica con armadura metálica 50/125 de 6 hilos OM2,"[""SBE-FOEXAR12MM50M2""]",SBE-FOEXAR12MM50M2,TRUE,No,,1.27,16,0,26121600,Sbe Tech,Fibra Óptica,"[""store"",""eshop"",""retailer""]"
73,Fibra Óptica con armadura metálica 50/125 de 6 hilos OM3 10G,"[""SBE-FOEXAR6MM50M3""]",SBE-FOEXAR6MM50M3,TRUE,No,,1.08,16,0,26121600,Sbe Tech,Fibra Óptica,"[""store"",""eshop"",""retailer""]"
74,Fibra Óptica con armadura metálica 50/125 de 6 hilos OM4 10G,"[""SBE-FOEXAR6MM50M4""]",SBE-FOEXAR6MM50M4,TRUE,No,,1.58,16,0,26121600,Sbe Tech,Fibra Óptica,"[""store"",""eshop"",""retailer""]"
75,Fibra Óptica con armadura metálica de 12 hilos OS2,"[""SBE-FOEXAR12SM""]",SBE-FOEXAR12SM,TRUE,No,,0.69,16,0,26121600,Sbe Tech,Fibra Óptica,"[""store"",""eshop"",""retailer""]"
76,Fibra Óptica con armadura metálica de 24 hilos OS2,"[""SBE-FOEXAR24SM""]",SBE-FOEXAR24SM,TRUE,No,,0.72,16,0,26121600,Sbe Tech,Fibra Óptica,"[""store"",""eshop"",""retailer""]"
77,Fibra Óptica con armadura metálica de 6 hilos OS2,"[""SBE-FOEXAR6SM""]",SBE-FOEXAR6SM,TRUE,No,,0.65,16,0,26121600,Sbe Tech,Fibra Óptica,"[""store"",""eshop"",""retailer""]"
78,Fibra Óptica FTTH G.657A2 tipo mariposa SM 9u. LSZH. 1 fibra,"[""SBE-FODROP1BT""]",SBE-FODROP1BT,TRUE,No,,0.16,16,0,26121600,Sbe Tech,Fibra Óptica,"[""store"",""eshop"",""retailer""]"
79,Fibra Óptica FTTH G.657A2 tipo mariposa SM 9u. LSZH. 2 fibra,"[""SBE-FODROP2BT""]",SBE-FODROP2BT,TRUE,No,,0.22,16,0,26121600,Sbe Tech,Fibra Óptica,"[""store"",""eshop"",""retailer""]"
80,Fibra Óptica FTTH redonda SM 9/125 tipo G.657A2. LSZH. 1 fibra,"[""SBE-FODROPR1""]",SBE-FODROPR1,TRUE,No,,0.21,16,0,26121600,Sbe Tech,Fibra Óptica,"[""store"",""eshop"",""retailer""]"
81,Fibra Óptica FTTH redonda SM 9/125 tipo G.657A2. LSZH. 2 fibras,"[""SBE-FODROPR2""]",SBE-FODROPR2,TRUE,No,,0.37,16,0,26121600,Sbe Tech,Fibra Óptica,"[""store"",""eshop"",""retailer""]"
82,Fibra Óptica FTTH tipo mariposa fig. 8 SM 9/125 tipo G657A2. LSZH. 1 fibra,"[""SBE-FODROP1BTF8""]",SBE-FODROP1BTF8,TRUE,No,,0.19,16,0,26121600,Sbe Tech,Fibra Óptica,"[""store"",""eshop"",""retailer""]"
83,Fibra Óptica FTTH tipo mariposa fig. 8 SM 9/125 tipo G657A2. LSZH. 2 fibra,"[""SBE-FODROP2BTF8""]",SBE-FODROP2BTF8,TRUE,No,,0.22,16,0,26121600,Sbe Tech,Fibra Óptica,"[""store"",""eshop"",""retailer""]"
84,Fibra Óptica para uso en interiores multimodo 50/125 12 hilos OM3. LSZH,"[""SBE-FOINT12MM3""]",SBE-FOINT12MM3,TRUE,No,,2.18,16,0,26121600,Sbe Tech,Fibra Óptica,"[""store"",""eshop"",""retailer""]"
85,Fibra Óptica para uso en interiores multimodo 50/125 6 hilos OM3. LSZH,"[""SBE-FOINT6MM3""]",SBE-FOINT6MM3,TRUE,No,,1.22,16,0,26121600,Sbe Tech,Fibra Óptica,"[""store"",""eshop"",""retailer""]"
86,Fibra Óptica para uso en interiores multimodo 62.5/125 6 hilos OM1,"[""SBE-FOINT6MM""]",SBE-FOINT6MM,TRUE,No,,1.18,16,0,26121600,Sbe Tech,Fibra Óptica,"[""store"",""eshop"",""retailer""]"
87,Fibra Óptica para uso interior/exterior tubo apretado  9/125. OS2. 12 hilos,"[""SBE-FOINE12SM""]",SBE-FOINE12SM,TRUE,No,,0.90,16,0,26121600,Sbe Tech,Fibra Óptica,"[""store"",""eshop"",""retailer""]"
88,Fibra Óptica para uso interior/exterior tubo apretado  9/125. OS2. 24 hilos,"[""SBE-FOINE24SM""]",SBE-FOINE24SM,TRUE,No,,1.65,16,0,26121600,Sbe Tech,Fibra Óptica,"[""store"",""eshop"",""retailer""]"
89,Fibra Óptica para uso interior/exterior tubo apretado  9/125. OS2. 6 hilos,"[""SBE-FOINE6SM""]",SBE-FOINE6SM,TRUE,No,,0.54,16,0,26121600,Sbe Tech,Fibra Óptica,"[""store"",""eshop"",""retailer""]"
90,Fibra Óptica para uso interior/exterior tubo apretado 50/125 OM2 12 hilos,"[""SBE-FOINE12MM50""]",SBE-FOINE12MM50,TRUE,No,,1.04,16,0,26121600,Sbe Tech,Fibra Óptica,"[""store"",""eshop"",""retailer""]"
91,Fibra Optica para uso interior/exterior tubo apretado 50/125. LSZH. 10G. OM4 12 hilos,"[""SBE-FOINE125010GOM4""]",SBE-FOINE125010GOM4,TRUE,No,,2.96,16,0,26121600,Sbe Tech,Fibra Óptica,"[""store"",""eshop"",""retailer""]"
92,Fibra Optica para uso interior/exterior tubo apretado 50/125. LSZH. 10G. OM4 6 hilos,"[""SBE-FOINE65010GOM4""]",SBE-FOINE65010GOM4,TRUE,No,,2.50,16,0,26121600,Sbe Tech,Fibra Óptica,"[""store"",""eshop"",""retailer""]"
93,Gabinete de pared de 600 mm. 450 mm de profundidad y 12UR de alto. Características: Puerta con cristal Templado.,"[""SBE-GNLPAR12UR""]",SBE-GNLPAR12UR,TRUE,No,,104.00,16,0,43223300,Sbe Tech,Racks y Gabinetes,"[""store"",""eshop"",""retailer""]"
94,Gabinete de pared de 600 mm. 600 mm de profundidad y 12UR de alto. Características: Puerta con cristal Templado.,"[""SBE-GNLPAR12URP""]",SBE-GNLPAR12URP,TRUE,No,,131.00,16,0,43223300,Sbe Tech,Racks y Gabinetes,"[""store"",""eshop"",""retailer""]"
95,Gabinete de pared de 600 mm. 450 mm de profundidad útil y 12UR de alto. Características: Puerta con cristal templado ( CON CHAPA DE SEGURIDA),"[""SBE-GPAR10URCH""]",SBE-GPAR10URCH,TRUE,No,,145.23,16,0,43223300,Sbe Tech,Racks y Gabinetes,"[""store"",""eshop"",""retailer""]"
96,Gabinete de pared de 600 mm. 450 mm de profundidad útil y 15UR de alto. Características: Puerta con cristal Templado.,"[""SBE-GNLPAR15UR""]",SBE-GNLPAR15UR,TRUE,No,,120.93,16,0,43223300,Sbe Tech,Racks y Gabinetes,"[""store"",""eshop"",""retailer""]"
97,Gabinete de pared de 600 mm. 450 mm de profundidad y 22UR de alto. Características: Puerta con cristal templado.,"[""SBE-GNLPAR22UR""]",SBE-GNLPAR22UR,TRUE,No,,174.00,16,0,43223300,Sbe Tech,Racks y Gabinetes,"[""store"",""eshop"",""retailer""]"
98,Gabinete de pared de 600 mm. 450 mm de profundidad y 6UR de alto. Puerta con cristal templado ( CON CHAPA DE SEGURIDAD NUEVA ).,"[""SBE-GNLPAR6UR""]",SBE-GNLPAR6UR,TRUE,No,,89.00,16,0,43223300,Sbe Tech,Racks y Gabinetes,"[""store"",""eshop"",""retailer""]"
99,Gabinete de pared de 600 mm. 450 mm de profundidad y 9UR de alto. Puerta de cristal templado  (  CON CHAPA DE SEGURIDAD NUEVA ).,"[""SBE-GNLPAR9UR""]",SBE-GNLPAR9UR,TRUE,No,,97.50,16,0,43223300,Sbe Tech,Racks y Gabinetes,"[""store"",""eshop"",""retailer""]"
100,Gabinete de pared de 600 mm. 600 mm de profundidad útil y 15UR de alto. Características: Puerta con cristal Templado.,"[""SBE-GNLPAR15URP""]",SBE-GNLPAR15URP,TRUE,No,,140.00,16,0,43223300,Sbe Tech,Racks y Gabinetes,"[""store"",""eshop"",""retailer""]"
101,Gabinete de pared de 600 mm. 600 mm de profundidad y 22UR de alto. Características: Puerta con cristal templado.,"[""SBE-GNLPAR22URP""]",SBE-GNLPAR22URP,TRUE,No,,185.00,16,0,43223300,Sbe Tech,Racks y Gabinetes,"[""store"",""eshop"",""retailer""]"
102,Gabinete de pared de 600 mm. 600 mm de profundidad y 6UR de alto. Puerta con cristal templado ( CON CHAPA DE SEGURIDAD NUEVA ).,"[""SBE-GNLPAR6URP""]",SBE-GNLPAR6URP,TRUE,No,,97.20,16,0,43223300,Sbe Tech,Racks y Gabinetes,"[""store"",""eshop"",""retailer""]"
103,Gabinete de pared de 600 mm. 600 mm de profundidad y 9UR de alto. Puerta de cristal templado  ( CON CHAPA DE SEGURIDAD NUEVA ).,"[""SBE-GNLPAR9URP""]",SBE-GNLPAR9URP,TRUE,No,,119.00,16,0,43223300,Sbe Tech,Racks y Gabinetes,"[""store"",""eshop"",""retailer""]"
104,Gabinete de pared de 600mm de ancho x 550mm de fondo X 22 UR de altura de 3 cuerpos abatible.,"[""SBE-GNLPAR22URP3C""]",SBE-GNLPAR22URP3C,TRUE,No,,209.09,16,0,43223300,Sbe Tech,Racks y Gabinetes,"[""store"",""eshop"",""retailer""]"
105,Gabinete de pared de 600 mm de ancho X 550 mm de fondo X 6 UR de altura de 3 cuerpos abatibles.,"[""SBE-GNLPAR6UR3C""]",SBE-GNLPAR6UR3C,TRUE,No,,105.60,16,0,43223300,Sbe Tech,Racks y Gabinetes,"[""store"",""eshop"",""retailer""]"
106,Gabinete de piso de 600 mm de ancho. 1000 mm de profundidad y 20 UR de alto (4 pies). puerta ventilada,"[""SBE-GNL20URV""]",SBE-GNL20URV,TRUE,No,,358.00,16,0,43223300,Sbe Tech,Racks y Gabinetes,"[""store"",""eshop"",""retailer""]"
107,Gabinete de piso de 600 mm de ancho. 1000 mm de profundidad y 20 UR de alto (7 pies). puerta de cristal templado,"[""SBE-GNL20URP""]",SBE-GNL20URP,TRUE,No,,290.00,16,0,43223300,Sbe Tech,Racks y Gabinetes,"[""store"",""eshop"",""retailer""]"
108,Gabinete de piso de 600 mm de ancho. 1000 mm de profundidad y 24 UR de alto puerta delantera de cristal templado.,"[""SBE-GNL24URP""]",SBE-GNL24URP,TRUE,No,,318.00,16,0,43223300,Sbe Tech,Racks y Gabinetes,"[""store"",""eshop"",""retailer""]"
109,Gabinete de piso de 600 mm de ancho. 1000 mm de profundidad y 26 UR de alto puerta delantera de cristal templado.,"[""SBE-GNL26URP""]",SBE-GNL26URP,TRUE,No,,300.00,16,0,43223300,Sbe Tech,Racks y Gabinetes,"[""store"",""eshop"",""retailer""]"
110,Gabinete de piso de 600 mm de ancho. 1000 mm de profundidad y 42 UR de alto puerta de cristal templado.,"[""SBE-GNL42URP""]",SBE-GNL42URP,TRUE,No,,443.00,16,0,43223300,Sbe Tech,Racks y Gabinetes,"[""store"",""eshop"",""retailer""]"
111,Gabinete de piso de 600 mm de ancho. 1000 mm de profundidad y 42 UR de alto puerta ventilada.,"[""SBE-GNL42URV""]",SBE-GNL42URV,TRUE,No,,490.00,16,0,43223300,Sbe Tech,Racks y Gabinetes,"[""store"",""eshop"",""retailer""]"
112,Gabinete de piso de 600 mm de ancho. 1200 mm de profundidad y 42 UR de alto puerta ventilada.,"[""SBE-GNL42URV6001.2P""]",SBE-GNL42URV6001.2P,TRUE,No,,568.00,16,0,43223300,Sbe Tech,Racks y Gabinetes,"[""store"",""eshop"",""retailer""]"
113,Gabinete de piso de 600 mm de ancho. 600 mm de profundidad y 20 UR de alto puerta delantera de cristal templado.,"[""SBE-GNL20URP600""]",SBE-GNL20URP600,TRUE,No,,242.00,16,0,43223300,Sbe Tech,Racks y Gabinetes,"[""store"",""eshop"",""retailer""]"
114,Gabinete de piso de 600 mm de ancho. 600 mm de profundidad y 20 UR de alto puerta delantera ventilada.,"[""SBE-GNL20URV600""]",SBE-GNL20URV600,TRUE,No,,247.00,16,0,43223300,Sbe Tech,Racks y Gabinetes,"[""store"",""eshop"",""retailer""]"
115,Gabinete de piso de 600 mm de ancho. 600 mm de profundidad y 24 UR de alto puerta delantera de cristal templado.,"[""SBE-GNL24URP600""]",SBE-GNL24URP600,TRUE,No,,271.00,16,0,43223300,Sbe Tech,Racks y Gabinetes,"[""store"",""eshop"",""retailer""]"
116,Gabinete de piso de 600 mm de ancho. 600 mm de profundidad y 26 UR de alto puerta delantera de cristal.,"[""SBE-GNL26URP600""]",SBE-GNL26URP600,TRUE,No,,259.00,16,0,43223300,Sbe Tech,Racks y Gabinetes,"[""store"",""eshop"",""retailer""]"
117,Gabinete de piso de 600 mm de ancho. 600 mm de profundidad y 42 UR de alto puerta de cristal templado.,"[""SBE-GNL42URP600""]",SBE-GNL42URP600,TRUE,No,,356.00,16,0,43223300,Sbe Tech,Racks y Gabinetes,"[""store"",""eshop"",""retailer""]"
118,Gabinete de piso de 600 mm de ancho. 600 mm de profundidad y 42 UR de alto puerta ventilada.,"[""SBE-GNL42URV600""]",SBE-GNL42URV600,TRUE,No,,335.00,16,0,43223300,Sbe Tech,Racks y Gabinetes,"[""store"",""eshop"",""retailer""]"
119,Gabinete de piso de 600 mm de ancho. 800 mm de profundidad y 20 UR de alto puerta de cristal templado.,"[""SBE-GNL20UR""]",SBE-GNL20UR,TRUE,No,,273.00,16,0,43223300,Sbe Tech,Racks y Gabinetes,"[""store"",""eshop"",""retailer""]"
120,Gabinete de piso de 600 mm de ancho. 800 mm de profundidad y 24 UR de alto puerta de cristal al frente templado.,"[""SBE-GNL24UR""]",SBE-GNL24UR,TRUE,No,,292.00,16,0,43223300,Sbe Tech,Racks y Gabinetes,"[""store"",""eshop"",""retailer""]"
121,Gabinete de piso de 600 mm de ancho. 800 mm de profundidad y 26 UR de alto puerta de cristal templado.,"[""SBE-GNL26UR""]",SBE-GNL26UR,TRUE,No,,280.00,16,0,43223300,Sbe Tech,Racks y Gabinetes,"[""store"",""eshop"",""retailer""]"
122,Gabinete de piso de 600 mm de ancho. 800 mm de profundidad y 42 UR de alto puerta de cristal templado.,"[""SBE-GNL42UR""]",SBE-GNL42UR,TRUE,No,,396.00,16,0,43223300,Sbe Tech,Racks y Gabinetes,"[""store"",""eshop"",""retailer""]"
123,Gabinete de piso de 600 mm de ancho. 800 mm de profundidad y 42 UR de alto puerta ventilada.,"[""SBE-GNL42UR6X8V""]",SBE-GNL42UR6X8V,TRUE,No,,414.00,16,0,43223300,Sbe Tech,Racks y Gabinetes,"[""store"",""eshop"",""retailer""]"
124,Gabinete de piso de 800 mm de ancho. 1000 mm de profundidad y 42 UR de alto (7 pies). puerta de cristal templado.,"[""SBE-GNL42URP800""]",SBE-GNL42URP800,TRUE,No,,750.00,16,0,43223300,Sbe Tech,Racks y Gabinetes,"[""store"",""eshop"",""retailer""]"
125,Gabinete de piso de 800 mm de ancho. 1000 mm de profundidad y 42 UR de alto. Puerta ventilada,"[""SBE-GNL42URV800""]",SBE-GNL42URV800,TRUE,No,,850.00,16,0,43223300,Sbe Tech,Racks y Gabinetes,"[""store"",""eshop"",""retailer""]"
126,Gabinete de piso de 800 mm de ancho. 1200 mm de profundidad y 42 UR de alto. Puerta cristal templado.,"[""SBE-GNL42URP8001.2P""]",SBE-GNL42URP8001.2P,TRUE,No,,824.00,16,0,43223300,Sbe Tech,Racks y Gabinetes,"[""store"",""eshop"",""retailer""]"
127,Gabinete de piso de 800 mm de ancho. 1200 mm de profundidad y 42 UR de alto. Puerta delantera ventilada.,"[""SBE-GNL42URV8001.2P""]",SBE-GNL42URV8001.2P,TRUE,No,,917.00,16,0,43223300,Sbe Tech,Racks y Gabinetes,"[""store"",""eshop"",""retailer""]"
128,Herramienta de impacto con navaja 110,"[""SBE-KHIMP""]",SBE-KHIMP,TRUE,No,,13.14,16,0,43223300,Sbe Tech,Herramientas. Equipos de Medición y Prueba. Limpieza,"[""store"",""eshop"",""retailer""]"
129,Inserto ciego color blanco,"[""SBE-BLANK-WT""]",SBE-BLANK-WT,TRUE,No,,0.23,16,0,43223300,Sbe Tech,Cableado en Cobre,"[""store"",""eshop"",""retailer""]"
130,Jack categoría 5e color azul,"[""SBE-2302-BL""]",SBE-2302-BL,TRUE,No,,1.19,16,0,43223300,Sbe Tech,Cableado en Cobre,"[""store"",""eshop"",""retailer""]"
131,Jack categoría 5e color blanco,"[""SBE-2302-WT""]",SBE-2302-WT,TRUE,No,,1.19,16,0,43223300,Sbe Tech,Cableado en Cobre,"[""store"",""eshop"",""retailer""]"
132,Jack categoría 6 color azul,"[""SBE-JACKC6-BL""]",SBE-JACKC6-BL,TRUE,No,,2.28,16,0,43223300,Sbe Tech,Cableado en Cobre,"[""store"",""eshop"",""retailer""]"
133,Jack categoría 6 color blanco,"[""SBE-JACKC6-WT""]",SBE-JACKC6-WT,TRUE,No,,2.28,16,0,43223300,Sbe Tech,Cableado en Cobre,"[""store"",""eshop"",""retailer""]"
134,Jack categoría 6 color negro,"[""SBE-JACKC6-BK""]",SBE-JACKC6-BK,TRUE,No,,2.28,16,0,43223300,Sbe Tech,Cableado en Cobre,"[""store"",""eshop"",""retailer""]"
135,Jack categoría 6 color rojo,"[""SBE-JACKC6-RD""]",SBE-JACKC6-RD,TRUE,No,,2.28,16,0,43223300,Sbe Tech,Cableado en Cobre,"[""store"",""eshop"",""retailer""]"
136,Jack categoría 6A autoponchable color azul,"[""SBE-JACKC6AS-BL""]",SBE-JACKC6AS-BL,TRUE,No,,5.05,16,0,43223300,Sbe Tech,Cableado en Cobre,"[""store"",""eshop"",""retailer""]"
137,Jack categoría 6A color azul,"[""SBE-JACKC6A-BL""]",SBE-JACKC6A-BL,TRUE,No,,5.05,16,0,43223300,Sbe Tech,Cableado en Cobre,"[""store"",""eshop"",""retailer""]"
138,Jack categoría 6A color blanco,"[""SBE-JACKC6A-WT""]",SBE-JACKC6A-WT,TRUE,No,,5.05,16,0,43223300,Sbe Tech,Cableado en Cobre,"[""store"",""eshop"",""retailer""]"
139,Juego de 100 tuercas enjauladas  y tornillos 12-24,"[""SBE-JTE1224N""]",SBE-JTE1224N,TRUE,No,,11.50,16,0,31161500,Sbe Tech,Racks y Gabinetes,"[""store"",""eshop"",""retailer""]"
140,Juego de 12 Pigtails LC Multimodo 50/125 OM4 simplex 2 metros PC,"[""SBE-PIGLC2M50M412P""]",SBE-PIGLC2M50M412P,TRUE,No,,30.24,16,0,43223300,Sbe Tech,Fibra Óptica,"[""store"",""eshop"",""retailer""]"
141,Juego de 12 pigtails Monomodo con código de color. SC SM 9/125 simplex 2 metros PC,"[""SBE-PIGSC2MSM12P""]",SBE-PIGSC2MSM12P,TRUE,No,,34.65,16,0,43223300,Sbe Tech,Fibra Óptica,"[""store"",""eshop"",""retailer""]"
142,Juego de 50 tornillos 10 / 32 para rack de acero,"[""SBE-JTACERO""]",SBE-JTACERO,TRUE,No,,4.79,16,0,31161500,Sbe Tech,Racks y Gabinetes,"[""store"",""eshop"",""retailer""]"
143,Juego de 6 Pigtail LC Multimodo 50/125 OM4 simplex 2 metros PC,"[""SBE-PIGLC2M50M46P""]",SBE-PIGLC2M50M46P,TRUE,No,,14.30,16,0,43223300,Sbe Tech,Fibra Óptica,"[""store"",""eshop"",""retailer""]"
144,Juego de 6 Pigtail SC Multimodo 50/125 OM4 simplex 2 metros PC,"[""SBE-PIGSC2M50M46P""]",SBE-PIGSC2M50M46P,TRUE,No,,10.55,16,0,43223300,Sbe Tech,Fibra Óptica,"[""store"",""eshop"",""retailer""]"
145,Juego de 6 pigtails con código de color. SC Monomodo 9/125 simplex 2 metros PC,"[""SBE-PIGSC2MSM6P""]",SBE-PIGSC2MSM6P,TRUE,No,,19.22,16,0,43223300,Sbe Tech,Fibra Óptica,"[""store"",""eshop"",""retailer""]"
146,Juego de 6 pigtails LC Monomodo 9/125 simplex 2 metros PC,"[""SBE-PIGLC2MSM6P""]",SBE-PIGLC2MSM6P,TRUE,No,,8.72,16,0,43223300,Sbe Tech,Fibra Óptica,"[""store"",""eshop"",""retailer""]"
147,Jumper LC-LC Multimodo 50/125 OM4 dúplex 2 mm. 1 metro. UPC,"[""SBE-JUMLC-LC-1M50""]",SBE-JUMLC-LC-1M50,TRUE,No,,10.00,16,0,43223300,Sbe Tech,Fibra Óptica,"[""store"",""eshop"",""retailer""]"
148,Jumper LC-LC Multimodo 50/125 OM4 dúplex 2 mm. 2 metros. UPC,"[""SBE-JUMLC-LC-2M50""]",SBE-JUMLC-LC-2M50,TRUE,No,,10.80,16,0,43223300,Sbe Tech,Fibra Óptica,"[""store"",""eshop"",""retailer""]"
149,Jumper LC-LC Multimodo 50/125 OM4 dúplex 2 mm. 3 metros. UPC,"[""SBE-JUMLC-LC-3M50""]",SBE-JUMLC-LC-3M50,TRUE,No,,11.80,16,0,43223300,Sbe Tech,Fibra Óptica,"[""store"",""eshop"",""retailer""]"
150,Jumper LC-SC Multimodo 50/125 OM4 dúplex 2 mm. 1 metro. UPC,"[""SBE-JUMLC-SC-1M50""]",SBE-JUMLC-SC-1M50,TRUE,No,,8.98,16,0,43223300,Sbe Tech,Fibra Óptica,"[""store"",""eshop"",""retailer""]"
151,Jumper LC-SC Multimodo 50/125 OM4 dúplex 2 mm. 2 metros. UPC,"[""SBE-JUMLC-SC-2M50""]",SBE-JUMLC-SC-2M50,TRUE,No,,9.82,16,0,43223300,Sbe Tech,Fibra Óptica,"[""store"",""eshop"",""retailer""]"
152,Jumper LC-SC Multimodo 50/125 OM4 dúplex 2 mm. 3 metros. UPC,"[""SBE-JUMLC-SC-3M50""]",SBE-JUMLC-SC-3M50,TRUE,No,,10.57,16,0,43223300,Sbe Tech,Fibra Óptica,"[""store"",""eshop"",""retailer""]"
153,Jumper SC/APC-SC/APC Monomodo 9/125 simplex 2 mm. 2 metros,"[""SBE-JUSCAPCSCAPC2MSM""]",SBE-JUSCAPCSCAPC2MSM,TRUE,No,,5.71,16,0,43223300,Sbe Tech,Fibra Óptica,"[""store"",""eshop"",""retailer""]"
154,Jumper SC/UPC-SC/APC Monomodo 9/125 simplex 2 mm. 2 metros,"[""SBE-JUMSC-SCAPC-2MSM""]",SBE-JUMSC-SCAPC-2MSM,TRUE,No,,4.73,16,0,43223300,Sbe Tech,Fibra Óptica,"[""store"",""eshop"",""retailer""]"
155,Jumper SC-SC Multimodo 50/125 OM4 dúplex 2 mm. 2 metros. UPC,"[""SBE-JUMSC-SC-2M50""]",SBE-JUMSC-SC-2M50,TRUE,No,,7.20,16,0,43223300,Sbe Tech,Fibra Óptica,"[""store"",""eshop"",""retailer""]"
156,Jumper SC-SC Multimodo 50/125 OM4 dúplex 2 mm. 3 metros. UPC,"[""SBE-JUMSC-SC-3M50""]",SBE-JUMSC-SC-3M50,TRUE,No,,8.20,16,0,43223300,Sbe Tech,Fibra Óptica,"[""store"",""eshop"",""retailer""]"
157,Jumper SC-SC Monomodo 9/125 simplex 2 mm. 2 metros. UPC,"[""SBE-JUMSC-SC-2M-SM""]",SBE-JUMSC-SC-2M-SM,TRUE,No,,4.78,16,0,43223300,Sbe Tech,Fibra Óptica,"[""store"",""eshop"",""retailer""]"
158,Jumper SC-SC Monomodo 9/125 simplex 2 mm. 3 metros. UPC,"[""SBE-JUMSC-SC-3M-SM""]",SBE-JUMSC-SC-3M-SM,TRUE,No,,5.15,16,0,43223300,Sbe Tech,Fibra Óptica,"[""store"",""eshop"",""retailer""]"
159,Jumper SC-SC Multimodo dúplex 2 mm. 1 metro. UPC,"[""SBE-JUMSC-SC-1M-SMD""]",SBE-JUMSC-SC-1M-SMD,TRUE,No,,10.30,16,0,43223300,Sbe Tech,Fibra Óptica,"[""store"",""eshop"",""retailer""]"
160,Jumper SC-SC Multimodo dúplex 2 mm. 2 metros. UPC,"[""SBE-JUMSC-SC-2M-SMD""]",SBE-JUMSC-SC-2M-SMD,TRUE,No,,11.06,16,0,43223300,Sbe Tech,Fibra Óptica,"[""store"",""eshop"",""retailer""]"
161,Jumper SC-SC/APC Multimodo dúplex 2 mm. 2 metros,"[""SBE-JUMSC-SCAPC-2M-SMD""]",SBE-JUMSC-SCAPC-2M-SMD,TRUE,No,,8.05,16,0,43223300,Sbe Tech,Fibra Óptica,"[""store"",""eshop"",""retailer""]"
162,Kit de herramientas para Fibra Óptica,"[""SBE-F3033""]",SBE-F3033,TRUE,No,,204.75,16,0,43223300,Sbe Tech,Herramientas. Equipos de Medición y Prueba. Limpieza,"[""store"",""eshop"",""retailer""]"
163,Limpiador de Férulas para LC/MU,"[""SBE-1CLICKLC/MU""]",SBE-1CLICKLC/MU,TRUE,No,,33.18,16,0,43223300,Sbe Tech,Herramientas. Equipos de Medición y Prueba. Limpieza,"[""store"",""eshop"",""retailer""]"
164,Limpiador de Férulas para SC/ST/FC,"[""SBE-1CLICKSC/ST/FC""]",SBE-1CLICKSC/ST/FC,TRUE,No,,33.18,16,0,43223300,Sbe Tech,Herramientas. Equipos de Medición y Prueba. Limpieza,"[""store"",""eshop"",""retailer""]"
165,Localizador visual de fallas profesional de hasta 10 km,"[""SBE-EM10K""]",SBE-EM10K,TRUE,No,,92.96,16,0,43223300,Sbe Tech,Herramientas. Equipos de Medición y Prueba. Limpieza,"[""store"",""eshop"",""retailer""]"
166,Mangas o tubos de empalme de 50 mm. paquete con 12 pzas,"[""SBE-HESL50""]",SBE-HESL50,TRUE,No,,0.06,16,0,43223300,Sbe Tech,Fibra Óptica,"[""store"",""eshop"",""retailer""]"
167,Mangas o tubos de empalme de 60 mm. paquete con 12 pzas,"[""SBE-HESL60""]",SBE-HESL60,TRUE,No,,0.16,16,0,43223300,Sbe Tech,Fibra Óptica,"[""store"",""eshop"",""retailer""]"
168,Medidor de potencia para longitudes de onda de 850nm/1300nm/1310nm/1490nm/1550nm/1625nm,"[""SBE-MP292302-10K""]",SBE-MP292302-10K,TRUE,No,,247.20,16,0,43223300,Sbe Tech,Herramientas. Equipos de Medición y Prueba. Limpieza,"[""store"",""eshop"",""retailer""]"
169,Microscopio 200x para ST. SC y LC,"[""SBE-EM200X""]",SBE-EM200X,TRUE,No,,82.98,16,0,43223300,Sbe Tech,Herramientas. Equipos de Medición y Prueba. Limpieza,"[""store"",""eshop"",""retailer""]"
170,Navaja para herramienta de impacto sistema 110,"[""SBE-N110""]",SBE-N110,TRUE,No,,4.36,16,0,43223300,Sbe Tech,Herramientas. Equipos de Medición y Prueba. Limpieza,"[""store"",""eshop"",""retailer""]"
171,Caja Plástica Tapa Opaca,"[""SBE-OP10010070""]",SBE-OP10010070,TRUE,No,,1.20,16,0,43223300,Sbe Tech,Gabinetes Metal y Plásticos,"[""store"",""eshop"",""retailer""]"
172,Caja Plástica Tapa Opaca,"[""SBE-OP15011070""]",SBE-OP15011070,TRUE,No,,2.90,16,0,43223300,Sbe Tech,Gabinetes Metal y Plásticos,"[""store"",""eshop"",""retailer""]"
173,Caja Plástica Tapa Opaca,"[""SBE-OP19014070""]",SBE-OP19014070,TRUE,No,,3.65,16,0,43223300,Sbe Tech,Gabinetes Metal y Plásticos,"[""store"",""eshop"",""retailer""]"
174,Caja Plástica Tapa Opaca,"[""SBE-OP300220120""]",SBE-OP300220120,TRUE,No,,10.10,16,0,43223300,Sbe Tech,Gabinetes Metal y Plásticos,"[""store"",""eshop"",""retailer""]"
175,Caja Plástica Tapa Opaca,"[""SBE-OP380300120""]",SBE-OP380300120,TRUE,No,,14.70,16,0,43223300,Sbe Tech,Gabinetes Metal y Plásticos,"[""store"",""eshop"",""retailer""]"
176,"""Organizador de cable horizontal 19"""" 2 UR doble lado""","[""SBE-OH2URD""]",SBE-OH2URD,TRUE,No,,21.30,16,0,43223300,Sbe Tech,Racks y Gabinetes,"[""store"",""eshop"",""retailer""]"
177,"""Organizador de cable vertical 3.5' 20 UR doble. con canal 3"""" x 3""""""","[""SBE-OV20UR""]",SBE-OV20UR,TRUE,No,,31.77,16,0,43223300,Sbe Tech,Racks y Gabinetes,"[""store"",""eshop"",""retailer""]"
178,"""Organizador de cable vertical 3.5' 20 UR sencillo. con canal 3"""" x 3""""""","[""SBE-OV20URS""]",SBE-OV20URS,TRUE,No,,15.90,16,0,43223300,Sbe Tech,Racks y Gabinetes,"[""store"",""eshop"",""retailer""]"
179,"""Organizador de cable vertical 7' 40 UR doble. con canal 3"""" x 3""""""","[""SBE-OV40UR""]",SBE-OV40UR,TRUE,No,,81.32,16,0,43223300,Sbe Tech,Racks y Gabinetes,"[""store"",""eshop"",""retailer""]"
180,"""Organizador de cable vertical 7' 40 UR sencillo. con canal 3"""" x 3""""""","[""SBE-OV40URS""]",SBE-OV40URS,TRUE,No,,42.45,16,0,43223300,Sbe Tech,Racks y Gabinetes,"[""store"",""eshop"",""retailer""]"
181,Organizador de cable vertical 22.5UR doble,"[""SBE-OVNL22.5UR""]",SBE-OVNL22.5UR,TRUE,No,,64.29,16,0,43223300,Sbe Tech,Racks y Gabinetes,"[""store"",""eshop"",""retailer""]"
182,Organizador de cable vertical 22.5UR sencillo,"[""SBE-OVNL22.5URS""]",SBE-OVNL22.5URS,TRUE,No,,40.16,16,0,43223300,Sbe Tech,Racks y Gabinetes,"[""store"",""eshop"",""retailer""]"
183,Organizador de cable vertical 45UR doble,"[""SBE-OVNL45UR""]",SBE-OVNL45UR,TRUE,No,,126.47,16,0,43223300,Sbe Tech,Racks y Gabinetes,"[""store"",""eshop"",""retailer""]"
184,Organizador de cable vertical 45UR sencillo,"[""SBE-OVNL45URS""]",SBE-OVNL45URS,TRUE,No,,78.79,16,0,43223300,Sbe Tech,Racks y Gabinetes,"[""store"",""eshop"",""retailer""]"
185,Organizador horizontal de 1 UR sencillo,"[""SBE-OH1UR""]",SBE-OH1UR,TRUE,No,,6.20,16,0,43223300,Sbe Tech,Racks y Gabinetes,"[""store"",""eshop"",""retailer""]"
186,Organizador horizontal de 2 UR sencillo,"[""SBE-OH2UR""]",SBE-OH2UR,TRUE,No,,9.65,16,0,43223300,Sbe Tech,Racks y Gabinetes,"[""store"",""eshop"",""retailer""]"
187,OTDR para longitud de onda de 1310nm/1550nm.,"[""SBE-OTDR-B""]",SBE-OTDR-B,TRUE,No,,2350.00,16,0,43223300,Sbe Tech,Herramientas. Equipos de Medición y Prueba. Limpieza,"[""store"",""eshop"",""retailer""]"
188,Panel ciego de 1 U.R.,"[""SBE-PC001""]",SBE-PC001,TRUE,No,,2.12,16,0,43223300,Sbe Tech,Cableado en Cobre,"[""store"",""eshop"",""retailer""]"
189,Panel ciego de 2 U.R.,"[""SBE-PC002""]",SBE-PC002,TRUE,No,,2.79,16,0,43223300,Sbe Tech,Cableado en Cobre,"[""store"",""eshop"",""retailer""]"
190,Panel de parcheo categoría 5e. 24 puertos,"[""SBE-2202-24P""]",SBE-2202-24P,TRUE,No,,34.28,16,0,43223300,Sbe Tech,Cableado en Cobre,"[""store"",""eshop"",""retailer""]"
191,Panel de parcheo categoría 5e. 48 puertos,"[""SBE-2202-48P""]",SBE-2202-48P,TRUE,No,,65.35,16,0,43223300,Sbe Tech,Cableado en Cobre,"[""store"",""eshop"",""retailer""]"
192,Panel de parcheo categoría 6. 24 puertos,"[""SBE-PPC6-24""]",SBE-PPC6-24,TRUE,No,,67.47,16,0,43223300,Sbe Tech,Cableado en Cobre,"[""store"",""eshop"",""retailer""]"
193,Panel de parcheo categoría 6. 48 puertos,"[""SBE-PPC6-48""]",SBE-PPC6-48,TRUE,No,,129.72,16,0,43223300,Sbe Tech,Cableado en Cobre,"[""store"",""eshop"",""retailer""]"
194,Panel de parcheo para pared estilo regleta cat. 5e. 12 puertos,"[""SBE-2202-12P""]",SBE-2202-12P,TRUE,No,,17.22,16,0,43223300,Sbe Tech,Cableado en Cobre,"[""store"",""eshop"",""retailer""]"
195,Panel de parcheo para pared estilo regleta cat. 6. 12 puertos,"[""SBE-PPC6-12P""]",SBE-PPC6-12P,TRUE,No,,16.36,16,0,43223300,Sbe Tech,Cableado en Cobre,"[""store"",""eshop"",""retailer""]"
196,Panel modular angulado vacío de 24 puertos metálico,"[""SBE-PMODA""]",SBE-PMODA,TRUE,No,,15.59,16,0,43223300,Sbe Tech,Cableado en Cobre,"[""store"",""eshop"",""retailer""]"
197,Panel modular vacío de 24 puertos blindado,"[""SBE-PMODS""]",SBE-PMODS,TRUE,No,,12.50,16,0,43223300,Sbe Tech,Cableado en Cobre,"[""store"",""eshop"",""retailer""]"
198,Patch cord cat. 5e con bota inyectada color azul. 1 m,"[""SBE-1109-1.0M-BL""]",SBE-1109-1.0M-BL,TRUE,No,,0.85,16,0,43223300,Sbe Tech,Cableado en Cobre,"[""store"",""eshop"",""retailer""]"
199,Patch cord cat. 5e con bota inyectada color azul. 2 m,"[""SBE-1109-2.0M-BL""]",SBE-1109-2.0M-BL,TRUE,No,,1.25,16,0,43223300,Sbe Tech,Cableado en Cobre,"[""store"",""eshop"",""retailer""]"
200,Patch cord cat. 5e con bota inyectada color azul. 3 m,"[""SBE-1109-3.0M-BL""]",SBE-1109-3.0M-BL,TRUE,No,,1.65,16,0,43223300,Sbe Tech,Cableado en Cobre,"[""store"",""eshop"",""retailer""]"
201,Patch cord cat. 5e con bota inyectada color gris. 1 m,"[""SBE-1109-1.0M-GY""]",SBE-1109-1.0M-GY,TRUE,No,,0.85,16,0,43223300,Sbe Tech,Cableado en Cobre,"[""store"",""eshop"",""retailer""]"
202,Patch cord cat. 5e con bota inyectada color gris. 2 m,"[""SBE-1109-2.0M-GY""]",SBE-1109-2.0M-GY,TRUE,No,,1.27,16,0,43223300,Sbe Tech,Cableado en Cobre,"[""store"",""eshop"",""retailer""]"
203,Patch cord cat. 5e con bota inyectada color gris. 3 m,"[""SBE-1109-3.0M-GY""]",SBE-1109-3.0M-GY,TRUE,No,,1.65,16,0,43223300,Sbe Tech,Cableado en Cobre,"[""store"",""eshop"",""retailer""]"
204,Patch cord cat. 6 con bota inyectada color azul 30 cms,"[""SBE-PCC60.3M-BL""]",SBE-PCC60.3M-BL,TRUE,No,,1.13,16,0,43223300,Sbe Tech,Cableado en Cobre,"[""store"",""eshop"",""retailer""]"
205,Patch cord cat. 6 con bota inyectada color azul 60 cms,"[""SBE-PCC60.6M-BL""]",SBE-PCC60.6M-BL,TRUE,No,,1.52,16,0,43223300,Sbe Tech,Cableado en Cobre,"[""store"",""eshop"",""retailer""]"
206,Patch cord cat. 6 con bota inyectada color azul. 1 m,"[""SBE-PCC61.0M-BL""]",SBE-PCC61.0M-BL,TRUE,No,,1.84,16,0,43223300,Sbe Tech,Cableado en Cobre,"[""store"",""eshop"",""retailer""]"
207,Patch cord cat. 6 con bota inyectada color azul. 2 m,"[""SBE-PCC62.0M-BL""]",SBE-PCC62.0M-BL,TRUE,No,,2.94,16,0,43223300,Sbe Tech,Cableado en Cobre,"[""store"",""eshop"",""retailer""]"
208,Patch cord cat. 6 con bota inyectada color azul. 3 m,"[""SBE-PCC63.0M-BL""]",SBE-PCC63.0M-BL,TRUE,No,,3.47,16,0,43223300,Sbe Tech,Cableado en Cobre,"[""store"",""eshop"",""retailer""]"
209,Patch cord cat. 6 con bota inyectada color gris. 1 m,"[""SBE-PCC61.0M-GY""]",SBE-PCC61.0M-GY,TRUE,No,,1.84,16,0,43223300,Sbe Tech,Cableado en Cobre,"[""store"",""eshop"",""retailer""]"
210,Patch cord cat. 6 con bota inyectada color gris. 2 m,"[""SBE-PCC62.0M-GY""]",SBE-PCC62.0M-GY,TRUE,No,,2.94,16,0,43223300,Sbe Tech,Cableado en Cobre,"[""store"",""eshop"",""retailer""]"
211,Patch cord cat. 6 con bota inyectada color gris. 3 m,"[""SBE-PCC63.0M-GY""]",SBE-PCC63.0M-GY,TRUE,No,,3.47,16,0,43223300,Sbe Tech,Cableado en Cobre,"[""store"",""eshop"",""retailer""]"
212,Patch cord cat. 6 con bota inyectada color gris. 30 cms,"[""SBE-PCC60.3M-GY""]",SBE-PCC60.3M-GY,TRUE,No,,1.13,16,0,43223300,Sbe Tech,Cableado en Cobre,"[""store"",""eshop"",""retailer""]"
213,Patch cord cat. 6 con bota inyectada color gris. 60 cms,"[""SBE-PCC60.6M-GY""]",SBE-PCC60.6M-GY,TRUE,No,,1.52,16,0,43223300,Sbe Tech,Cableado en Cobre,"[""store"",""eshop"",""retailer""]"
214,Patch cord cat. 6A con bota inyectada color azul. 1 m,"[""SBE-PCC6A1.0M-BL""]",SBE-PCC6A1.0M-BL,TRUE,No,,2.33,16,0,43223300,Sbe Tech,Cableado en Cobre,"[""store"",""eshop"",""retailer""]"
215,Patch cord cat. 6A con bota inyectada color azul. 2 m,"[""SBE-PCC6A2.0M-BL""]",SBE-PCC6A2.0M-BL,TRUE,No,,3.55,16,0,43223300,Sbe Tech,Cableado en Cobre,"[""store"",""eshop"",""retailer""]"
216,Patch cord cat. 6A con bota inyectada color azul. 3 m,"[""SBE-PCC6A3.0M-BL""]",SBE-PCC6A3.0M-BL,TRUE,No,,4.75,16,0,43223300,Sbe Tech,Cableado en Cobre,"[""store"",""eshop"",""retailer""]"
217,Patch cord cat. 6A con bota inyectada color gris. 1 m,"[""SBE-PCC6A1.0M-GY""]",SBE-PCC6A1.0M-GY,TRUE,No,,2.33,16,0,43223300,Sbe Tech,Cableado en Cobre,"[""store"",""eshop"",""retailer""]"
218,Patch cord cat. 6A con bota inyectada color gris. 2 m,"[""SBE-PCC6A2.0M-GY""]",SBE-PCC6A2.0M-GY,TRUE,No,,3.55,16,0,43223300,Sbe Tech,Cableado en Cobre,"[""store"",""eshop"",""retailer""]"
219,Patch cord cat. 6A con bota inyectada color gris. 3 m,"[""SBE-PCC6A3.0M-GY""]",SBE-PCC6A3.0M-GY,TRUE,No,,4.75,16,0,43223300,Sbe Tech,Cableado en Cobre,"[""store"",""eshop"",""retailer""]"
220,Pelador de cable UTP,"[""SBE-PELUTP""]",SBE-PELUTP,TRUE,No,,3.58,16,0,43223300,Sbe Tech,Herramientas. Equipos de Medición y Prueba. Limpieza,"[""store"",""eshop"",""retailer""]"
221,Pigtail SC/APC Monomodo 9/125 simplex 1 m con fibra Drop,"[""SBE-PIGSCAPC1MD""]",SBE-PIGSCAPC1MD,TRUE,No,,2.21,16,0,43223300,Sbe Tech,Fibra Óptica,"[""store"",""eshop"",""retailer""]"
222,Pigtail SC/APC Monomodo 9/125 simplex 1 metros PC,"[""SBE-PIGSCAPC1MSM""]",SBE-PIGSCAPC1MSM,TRUE,No,,2.79,16,0,43223300,Sbe Tech,Fibra Óptica,"[""store"",""eshop"",""retailer""]"
223,Pigtail SC/APC Monomodo 9/125 simplex 2 metros,"[""SBE-PIGSCAPC2MSM""]",SBE-PIGSCAPC2MSM,TRUE,No,,3.50,16,0,43223300,Sbe Tech,Fibra Óptica,"[""store"",""eshop"",""retailer""]"
224,Pigtail SC/APC Monomodo 9/125 simplex 2 metros PC. paquete de 12,"[""SBE-PIGSCAPC2MSM12P""]",SBE-PIGSCAPC2MSM12P,TRUE,No,,40.95,16,0,43223300,Sbe Tech,Fibra Óptica,"[""store"",""eshop"",""retailer""]"
225,Pigtail SC/APC Monomodo 9/125 simplex 2 metros PC. paquete de 6,"[""SBE-PIGSCAPC2MSM6P""]",SBE-PIGSCAPC2MSM6P,TRUE,No,,20.98,16,0,43223300,Sbe Tech,Fibra Óptica,"[""store"",""eshop"",""retailer""]"
226,Pinza de corte para UTP,"[""SBE-PCUTP""]",SBE-PCUTP,TRUE,No,,12.60,16,0,43223300,Sbe Tech,Herramientas. Equipos de Medición y Prueba. Limpieza,"[""store"",""eshop"",""retailer""]"
227,Pinza para coaxial RG 58. 59. 62. 174 y Fibra Óptica,"[""SBE-PCOAXFIB""]",SBE-PCOAXFIB,TRUE,No,,12.60,16,0,43223300,Sbe Tech,Herramientas. Equipos de Medición y Prueba. Limpieza,"[""store"",""eshop"",""retailer""]"
228,Pinza Profesional con seguro RJ9. RJ11 4 y 6 hilos y RJ45,"[""SBE-PCCTRLVT46""]",SBE-PCCTRLVT46,TRUE,No,,16.00,16,0,43223300,Sbe Tech,Herramientas. Equipos de Medición y Prueba. Limpieza,"[""store"",""eshop"",""retailer""]"
229,Pinza tipo ideal rj-11.de 4 y 6 hilos y rj-45,"[""SBE-PID6H8H""]",SBE-PID6H8H,TRUE,No,,7.91,16,0,43223300,Sbe Tech,Herramientas. Equipos de Medición y Prueba. Limpieza,"[""store"",""eshop"",""retailer""]"
230,Placa ciega para distribuidores tanto de rack como pared,"[""SBE-BLANKFO""]",SBE-BLANKFO,TRUE,No,,2.59,16,0,43223300,Sbe Tech,Fibra Óptica,"[""store"",""eshop"",""retailer""]"
231,Placa con 6 coples LC dúplex Monomodo,"[""SBE-6LCSM""]",SBE-6LCSM,TRUE,No,,18.98,16,0,43223300,Sbe Tech,Fibra Óptica,"[""store"",""eshop"",""retailer""]"
232,Placa con 6 coples LC dúplex Multimodo. cumplen hasta con OM4,"[""SBE-6LC""]",SBE-6LC,TRUE,No,,13.13,16,0,43223300,Sbe Tech,Fibra Óptica,"[""store"",""eshop"",""retailer""]"
233,Placa con 6 coples SC dúplex Monomodo,"[""SBE-6SCSM""]",SBE-6SCSM,TRUE,No,,13.55,16,0,43223300,Sbe Tech,Fibra Óptica,"[""store"",""eshop"",""retailer""]"
234,Placa con 6 coples SC dúplex Multimodo. cumplen hasta con OM4,"[""SBE-6SC""]",SBE-6SC,TRUE,No,,10.50,16,0,43223300,Sbe Tech,Fibra Óptica,"[""store"",""eshop"",""retailer""]"
235,Placa con 6 coples SC/APC dúplex Monomodo,"[""SBE-6SCAPCSM""]",SBE-6SCAPCSM,TRUE,No,,13.80,16,0,43223300,Sbe Tech,Fibra Óptica,"[""store"",""eshop"",""retailer""]"
236,Placa de pared angulada p/Jack cat 6A. 6 y 5e 1 p color blanco,"[""SBE-2517-1PA-WT""]",SBE-2517-1PA-WT,TRUE,No,,1.06,16,0,43223300,Sbe Tech,Cableado en Cobre,"[""store"",""eshop"",""retailer""]"
237,Placa de pared angulada p/Jack cat 6A. 6 y 5e 2 p color blanco,"[""SBE-2517-2PA-WT""]",SBE-2517-2PA-WT,TRUE,No,,1.06,16,0,43223300,Sbe Tech,Cableado en Cobre,"[""store"",""eshop"",""retailer""]"
238,Placa de pared para jacks cat 6 y 5e 1 puerto color blanco,"[""SBE-2517-1P-WT""]",SBE-2517-1P-WT,TRUE,No,,0.80,16,0,43223300,Sbe Tech,Cableado en Cobre,"[""store"",""eshop"",""retailer""]"
239,Placa de pared para jacks cat 6 y 5e 2 puertos color blanco,"[""SBE-2517-2P-WT""]",SBE-2517-2P-WT,TRUE,No,,0.80,16,0,43223300,Sbe Tech,Cableado en Cobre,"[""store"",""eshop"",""retailer""]"
240,Placa de pared para jacks cat 6 y 5e 3 puertos color blanco,"[""SBE-2517-3P-WT""]",SBE-2517-3P-WT,TRUE,No,,0.80,16,0,43223300,Sbe Tech,Cableado en Cobre,"[""store"",""eshop"",""retailer""]"
241,Placa de pared para jacks cat 6 y 5e 4 puertos color blanco,"[""SBE-2517-4P-WT""]",SBE-2517-4P-WT,TRUE,No,,0.80,16,0,43223300,Sbe Tech,Cableado en Cobre,"[""store"",""eshop"",""retailer""]"
242,Placa vacía con capacidad hasta 6 coples SC simplex o LC dúplex,"[""SBE-6LC/SCWOC""]",SBE-6LC/SCWOC,TRUE,No,,2.59,16,0,43223300,Sbe Tech,Fibra Óptica,"[""store"",""eshop"",""retailer""]"
243,Plug FTP RJ 45 8 posiciones 50 micras de oro,"[""SBE-2401-8P8C-FTP""]",SBE-2401-8P8C-FTP,TRUE,No,,0.20,16,0,43223300,Sbe Tech,Cableado en Cobre,"[""store"",""eshop"",""retailer""]"
244,Plug para UTP con gel RJ 45 8 pos categoría 6 diámetro 1.2,"[""SBE-PLUGC6GEL""]",SBE-PLUGC6GEL,TRUE,No,,0.63,16,0,43223300,Sbe Tech,Cableado en Cobre,"[""store"",""eshop"",""retailer""]"
245,Plug RJ 11 6 posiciones,"[""SBE-PLUGRJ25""]",SBE-PLUGRJ25,TRUE,No,,0.08,16,0,43223300,Sbe Tech,Cableado en Cobre,"[""store"",""eshop"",""retailer""]"
246,Plug RJ 11 6 posiciones. 4 hilos,"[""SBE-PLUGRJ11""]",SBE-PLUGRJ11,TRUE,No,,0.09,16,0,43223300,Sbe Tech,Cableado en Cobre,"[""store"",""eshop"",""retailer""]"
247,Plug RJ 45 8 posiciones 50 micras de oro,"[""SBE-2401-8P8C""]",SBE-2401-8P8C,TRUE,No,,0.15,16,0,43223300,Sbe Tech,Cableado en Cobre,"[""store"",""eshop"",""retailer""]"
248,Plug RJ 45 8 posiciones categoría 6,"[""SBE-PLUGRJ45C6""]",SBE-PLUGRJ45C6,TRUE,No,,0.24,16,0,43223300,Sbe Tech,Cableado en Cobre,"[""store"",""eshop"",""retailer""]"
249,Plug RJ 45 8 posiciones categoría 6A,"[""SBE-PLUGRJ45C6A""]",SBE-PLUGRJ45C6A,TRUE,No,,0.36,16,0,43223300,Sbe Tech,Cableado en Cobre,"[""store"",""eshop"",""retailer""]"
250,Quadra Rack en acero de 22 ur.,"[""SBE-QR22UR""]",SBE-QR22UR,TRUE,No,,83.50,16,0,43223300,Sbe Tech,Racks y Gabinetes,"[""store"",""eshop"",""retailer""]"
251,Quadra Rack en acero de 42 ur.,"[""SBE-QR42UR""]",SBE-QR42UR,TRUE,No,,150.35,16,0,43223300,Sbe Tech,Racks y Gabinetes,"[""store"",""eshop"",""retailer""]"
252,"""Rack acero 4' x 19"""" ligero color negro""","[""SBE-RR419NM""]",SBE-RR419NM,TRUE,No,,59.00,16,0,43223300,Sbe Tech,Racks y Gabinetes,"[""store"",""eshop"",""retailer""]"
253,"""Rack acero 7' x 19"""" ligero color negro""","[""SBE-RR719NM""]",SBE-RR719NM,TRUE,No,,59.00,16,0,43223300,Sbe Tech,Racks y Gabinetes,"[""store"",""eshop"",""retailer""]"
254,"""Rack de pared 15 UR x 19"""" ancho x 17 """" prof.. negro""","[""SBE-RP1915UR""]",SBE-RP1915UR,TRUE,No,,35.00,16,0,43223300,Sbe Tech,Racks y Gabinetes,"[""store"",""eshop"",""retailer""]"
255,"""Rack de pared 2 UR (3.5"""") alto x 19"""" ancho x 4"""" prof.. negro""","[""SBE-HB2""]",SBE-HB2,TRUE,No,,9.73,16,0,43223300,Sbe Tech,Racks y Gabinetes,"[""store"",""eshop"",""retailer""]"
256,"""Rack de pared 4 UR (4"""") x 19"""" ancho x 12"""" prof.. negro""","[""SBE-HB4""]",SBE-HB4,TRUE,No,,14.70,16,0,43223300,Sbe Tech,Racks y Gabinetes,"[""store"",""eshop"",""retailer""]"
257,"""Rack de pared 7 UR (4"""") x 19"""" ancho x 12"""" prof.. negro""","[""SBE-HB-7""]",SBE-HB-7,TRUE,No,,32.00,16,0,43223300,Sbe Tech,Racks y Gabinetes,"[""store"",""eshop"",""retailer""]"
258,Splitter PLC 1x16 SC/APC Monomodo,"[""SBE-SPPLC1X16SCAPC""]",SBE-SPPLC1X16SCAPC,TRUE,No,,38.33,16,0,43223300,Sbe Tech,Fibra Óptica,"[""store"",""eshop"",""retailer""]"
259,Splitter PLC 1x2 SC/APC Monomodo,"[""SBE-SPPLC1X2SCAPC""]",SBE-SPPLC1X2SCAPC,TRUE,No,,14.28,16,0,43223300,Sbe Tech,Fibra Óptica,"[""store"",""eshop"",""retailer""]"
260,Splitter PLC 1x32 SC/APC Monomodo,"[""SBE-SPPLC1X32SCAPC""]",SBE-SPPLC1X32SCAPC,TRUE,No,,55.65,16,0,43223300,Sbe Tech,Fibra Óptica,"[""store"",""eshop"",""retailer""]"
261,Splitter PLC 1x4 SC/APC Monomodo,"[""SBE-SPPLC1X4SCAPC""]",SBE-SPPLC1X4SCAPC,TRUE,No,,17.75,16,0,43223300,Sbe Tech,Fibra Óptica,"[""store"",""eshop"",""retailer""]"
262,Splitter PLC 1x8 SC/APC Monomodo,"[""SBE-SPPLC1X8SCAPC""]",SBE-SPPLC1X8SCAPC,TRUE,No,,23.36,16,0,43223300,Sbe Tech,Fibra Óptica,"[""store"",""eshop"",""retailer""]"
263,Sujetacable 2.5 x 100 natural,"[""SBE-2.5X100""]",SBE-2.5X100,TRUE,No,,0.32,16,0,31151900,Sbe Tech,Sujetacables de Tela. Plásticos y Espirales,"[""store"",""eshop"",""retailer""]"
264,Sujetacable 2.5 x 100 negro,"[""SBE-2.5X100BK""]",SBE-2.5X100BK,TRUE,No,,0.34,16,0,31151900,Sbe Tech,Sujetacables de Tela. Plásticos y Espirales,"[""store"",""eshop"",""retailer""]"
265,Sujetacable 3.6 x 150 natural,"[""SBE-3.6X150""]",SBE-3.6X150,TRUE,No,,0.91,16,0,31151900,Sbe Tech,Sujetacables de Tela. Plásticos y Espirales,"[""store"",""eshop"",""retailer""]"
266,Sujetacable 3.6 x 150 negro,"[""SBE-3.6X150BK""]",SBE-3.6X150BK,TRUE,No,,0.91,16,0,31151900,Sbe Tech,Sujetacables de Tela. Plásticos y Espirales,"[""store"",""eshop"",""retailer""]"
267,Sujetacable 3.6 x 200 natural,"[""SBE-3.6X200""]",SBE-3.6X200,TRUE,No,,1.14,16,0,31151900,Sbe Tech,Sujetacables de Tela. Plásticos y Espirales,"[""store"",""eshop"",""retailer""]"
268,Sujetacable 3.6 x 200 negro,"[""SBE-3.6X200BK""]",SBE-3.6X200BK,TRUE,No,,1.14,16,0,31151900,Sbe Tech,Sujetacables de Tela. Plásticos y Espirales,"[""store"",""eshop"",""retailer""]"
269,Sujetacable 3.6 x 300 natural,"[""SBE-3.6X300""]",SBE-3.6X300,TRUE,No,,1.97,16,0,31151900,Sbe Tech,Sujetacables de Tela. Plásticos y Espirales,"[""store"",""eshop"",""retailer""]"
270,Sujetacable 3.6 x 300 negro,"[""SBE-3.6X300BK""]",SBE-3.6X300BK,TRUE,No,,1.97,16,0,31151900,Sbe Tech,Sujetacables de Tela. Plásticos y Espirales,"[""store"",""eshop"",""retailer""]"
271,Sujetacable 4.8 x 300 natural,"[""SBE-4.8X300""]",SBE-4.8X300,TRUE,No,,2.50,16,0,31151900,Sbe Tech,Sujetacables de Tela. Plásticos y Espirales,"[""store"",""eshop"",""retailer""]"
272,Sujetacable 4.8 x 300 negro,"[""SBE-4.8X300BK""]",SBE-4.8X300BK,TRUE,No,,2.50,16,0,31151900,Sbe Tech,Sujetacables de Tela. Plásticos y Espirales,"[""store"",""eshop"",""retailer""]"
273,Sujetacable 4.8 x 450 natural,"[""SBE-4.8X450""]",SBE-4.8X450,TRUE,No,,2.95,16,0,31151900,Sbe Tech,Sujetacables de Tela. Plásticos y Espirales,"[""store"",""eshop"",""retailer""]"
274,Sujetacable 4.8 x 450 negro,"[""SBE-4.8X450BK""]",SBE-4.8X450BK,TRUE,No,,2.95,16,0,31151900,Sbe Tech,Sujetacables de Tela. Plásticos y Espirales,"[""store"",""eshop"",""retailer""]"
275,"""Sujetacable de tela MOSHU TIE color azul rollo 25 metros x 3/4"""" (2 cm)""","[""SBE-V2X25-BL""]",SBE-V2X25-BL,TRUE,No,,17.36,16,0,31151900,Sbe Tech,Sujetacables de Tela. Plásticos y Espirales,"[""store"",""eshop"",""retailer""]"
276,"""Sujetacable de tela MOSHU TIE color blanco rollo 25 metros x 3/4"""" (2 cm)""","[""SBE-V2X25-WT""]",SBE-V2X25-WT,TRUE,No,,17.36,16,0,31151900,Sbe Tech,Sujetacables de Tela. Plásticos y Espirales,"[""store"",""eshop"",""retailer""]"
277,"""Sujetacable de tela MOSHU TIE color negro rollo 25 metros x 3/4"""" (2 cm)""","[""SBE-V2X25-BK""]",SBE-V2X25-BK,TRUE,No,,17.36,16,0,31151900,Sbe Tech,Sujetacables de Tela. Plásticos y Espirales,"[""store"",""eshop"",""retailer""]"
278,Tijera Ergonómica para cortar Kevlar,"[""SBE-KS-1""]",SBE-KS-1,TRUE,No,,17.85,16,0,43223300,Sbe Tech,Herramientas. Equipos de Medición y Prueba. Limpieza,"[""store"",""eshop"",""retailer""]"
279,Tira de 10 contactos individuales verticales montaje horizontal de 15 amp. con supresor de picos,"[""SBE-TC010SPV""]",SBE-TC010SPV,TRUE,No,,31.50,16,0,43223300,Sbe Tech,Racks y Gabinetes,"[""store"",""eshop"",""retailer""]"
280,Tira de 12 contactos individuales verticales montaje vertical,"[""SBE-TC012SPV""]",SBE-TC012SPV,TRUE,No,,37.01,16,0,43223300,Sbe Tech,Racks y Gabinetes,"[""store"",""eshop"",""retailer""]"
281,Tira de 20 contactos individuales verticales montaje vertical,"[""SBE-TC020SPV""]",SBE-TC020SPV,TRUE,No,,47.25,16,0,43223300,Sbe Tech,Racks y Gabinetes,"[""store"",""eshop"",""retailer""]"
282,"""Tira de 6 cont.  Indiv. verticales. montaje horizontal. cable 2 mts. c/sup. picos. 19""""""","[""SBE-TC006VSP""]",SBE-TC006VSP,TRUE,No,,22.31,16,0,43223300,Sbe Tech,Racks y Gabinetes,"[""store"",""eshop"",""retailer""]"
283,Toallitas Húmedas. paquete con 5 piezas,"[""SBE-F10""]",SBE-F10,TRUE,No,,1.17,16,0,43223300,Sbe Tech,Herramientas. Equipos de Medición y Prueba. Limpieza,"[""store"",""eshop"",""retailer""]"
284,Ventilador 1 pieza,"[""SBE-J1VENTN127V""]",SBE-J1VENTN127V,TRUE,No,,14.00,16,0,40101600,Sbe Tech,Racks y Gabinetes,"[""store"",""eshop"",""retailer""]"
285,Ventilador 2 pieza,"[""SBE-J2VENTN127V""]",SBE-J2VENTN127V,TRUE,No,,20.50,16,0,40101600,Sbe Tech,Racks y Gabinetes,"[""store"",""eshop"",""retailer""]"
